name,fragment,seq
frag1_temp0.5num115,1,SDDQVRVEDVLRATREIAKEVGQSFQAAFAEAYDARDGAALR
frag1_temp0.5num124COMBO,1,TAAAERVAEVLQATREIAAQVAVNYRAAFQQAYDARDGAALR
frag1_temp0.5num093COMBO,1,SADEERVAAVLKATTEIAREVAEDYSAAFDKAFNARDGAGLR
frag1_temp0.5num121,1,TADEERVRKVLESTREIAKKHAVKYTDAFLAAYKARDGAGLR
frag1_temp0.2num078COMBO,1,SPEQERVDAILAATRKIAKEVAVGFEDAFLRAYRARDGAALR
frag1_temp0.5num090,1,SPEDARVARVLAATREIARREAEGFREDFLRAYAARDGAALR
frag1_temp0.5num114COMBO,1,SDEQKRVDAVLKATREIAKQVAKDYKDAFLAAFDARDGAALR
frag1_temp0.2num066COMBO,1,SEEDQRVETVLAATRKIASEVAVKYQEAFLAAFDARDGAALR
frag1_parent_1,1,SENEKLVEKVLEATRRIAREEAVKYKDAFLRAYRARDGAGLR
frag1_temp0.2num032,1,TEDEVRVQRVLDATREIARREAVAYKDAFLEAYRARDGAGLR
frag1_temp0.2num018,1,SEDQVLVDKVLEATRRIAEEEAVAYKDDFLKAYNARDGAGLR
frag1_temp0.5num103COMBO,1,TEDDRRVATVLAATRAIAREVAQDYKDAFLQAFEARDGAALR
frag1_temp0.2num091COMBO,1,SEEDERVAKVLEATRRIAREVAEGYKADFLKAYNAQDGAGLR
frag1_temp0.2num054COMBO,1,SEDDVLVEKVLKATEEIAKEKAEAYKDAFLAAYNARDGAGLR
frag1_temp0.2num054,1,SEDDKLVEKVLNATREIARQHAVGYRDDFLAAWRARDGAGLR
frag2_temp0.5num115COMBO,2,RVLTALFTEVDDKLFKETLTDVPSIVALQKSAGVKITAEQ
frag2_temp0.5num056,2,RVITNLFTDVDARMFEEVLTDVPTVVALQRQAGVNISAEQ
frag2_temp0.2num118COMBO,2,RVITALFTEVDRELFRTVLTDVPTIVALQRKAGVDITEEQ
frag2_temp0.5num071,2,RVITELFRRVDERLWQEVLTDVPSVVALQRSAGVEITPEQ
frag2_temp0.5num019,2,RVITDLFRDVDARLFQEVLTDVPTVVALQKQAGVDISAEQ
frag2_temp0.2num032COMBO,2,RVITDLFTQVDTKLFQEVLTDVPSIVALQKSAGVDITEEQ
frag2_temp0.2num082,2,RVITDLFTRVDAKMFEEVLTDVPSVVALQKSAGVDITPEQ
frag2_temp0.2num107COMBO,2,RVLTATYTEVDKRLFEEVLTDVPTIVALQRRAGVDITPEQ
frag2_temp0.5num004COMBO,2,RVLTDLFSEVDNRLFEEVLTDVPTIIALQKRAGVDITPEQ
frag2_temp0.2num067,2,RVITDLFREVDRRLFEEVLTDVPAVVALQRSAGVNITPEQ
frag2_temp0.2num022COMBO,2,RVITDLFRRVDDELFKTVLTDVPTVVALQRRAGVDITPEQ
frag2_parent_2,2,RVITGLFSKVDSRLYKEVLTDVPTIVALQRRAGVDITPEQ
frag2_temp0.2num055,2,RVITAAFREVDERLFQEVLTDVPSIVALQRRAGVDITEEQ
frag2_temp0.2num060,2,RVLTATFTEVDERLFKEVLTDVPTVVALQKRAGVDITEEQ
frag2_temp0.2num043,2,RVITDLFRKVDERLFKEVLTDVPSVVALQKSAGVKITPEQ
frag2_temp0.2num021COMBO,2,RVLTGLFTEVDKKLFEEVLTDVPTIVALQKRAGVDITPEQ
frag2_temp0.2num112COMBO,2,RVITATFTEVDDRLFKEVLTDVPSVVALQRRAGVKITPEQ
frag2_temp0.5num045,2,RVITGLFTDVDERMFQEVLTDVPTVVALQRRAGVDITPEQ
frag2_temp0.2num069,2,RVITGLFRDVDARLFEEVLTDVPTVVALQRRAGVDITEEQ
frag2_temp0.2num027COMBO,2,RVITDTFTKVDTRLFQEVLTDVPTIVALQKRAGVDITPEQ
frag2_temp0.2num028,2,RVITDTFREVDARLFREVLTDVPTIVALQKRAGVDITPEQ
frag2_temp0.2num098,2,RVITALFTKVDERLFKEVLTDVPTVVALQRKAGVDITPEQ
frag2_temp0.2num040COMBO,2,RVITDLFTDVDDRLFKEVLTDVPSVVALQRRAGVDITEEQ
frag2_temp0.2num092,2,RVITDLFRRVDERLFQEVLTDVPAIVALQRRAGVDITPEQ
frag2_temp0.2num009,2,RVITGLFRRVDARLFKEVLTDVPSIVALQKRAGVDITPEQ
frag2_temp0.2num106,2,RVITDTFTEVDRRLFEEVLTDVPSIVALQRRAGVDITPEQ
frag2_temp0.2num070COMBO,2,RVLTDLFTEVDKRLFEEVLTDVPTIVALQKRAGVDITPEQ
frag2_temp0.2num100,2,RVITDLFREVDERLFKEVLTDVPTVVALQRRAGVAITPEQ
frag2_temp0.2num030,2,RVITDLFRRVDARLFEEVLTDVPSIVALQRRAGVDITPEQ
frag2_temp0.2num102,2,RVITGLFTKVDERLFKEVLTDVPSIVALQRRAGVDITPEQ
frag3_temp1.0num022COMBO,3,AQEILDNMDVNRHTDMVMTKFFALMKEAAQNNAS
frag3_temp1.0num024,3,AQSLLDNWDVDAHTSAVMSSFFALLAIAAETEAS
frag3_temp0.5num000,3,AQRILDNYDVDEHTARVMDAALGLLAAAAATQAS
frag3_temp0.5num065,3,AQKILDNWDVEAHTAEVMTQFFALLERAAAENAS
frag3_temp0.2num014,3,AQQILDTYDPAAHTAQVMDATFALLEEAARTDAS
frag3_temp0.2num019COMBO,3,AQEILDNYDVDKHSQEVMDQTFALLARAAEENAS
frag3_temp0.2num019,3,AQAILDNYDVEKHTEKVMAETFALLEEAARRGAS
frag3_temp0.5num046,3,AQMILDNYDVDKHTATVMDMTFELLRRAAAEGAS
frag3_temp0.2num023COMBO,3,AQAILDNYDVEAHSAAVMEQTFALLRQAAETNAS
frag3_temp0.5num054,3,AQDILDNYDVATHTAAVMDQLFALLRDAAARGAS
frag3_temp0.5num046COMBO,3,AQDILDNYDVEKHTKKVMDMTFALLKEAAASDAS
frag3_temp0.5num076COMBO,3,AQEILDNYDNEAHTRKVMADTFALLAEAAATQAS
frag3_temp0.5num058,3,AQAILDNWDVEAHTARVMDALFALLHEAAQTKAS
frag3_temp0.5num098,3,AQDILDNYDPAAHTAQVMDAAFALLAHAAATQAS
frag3_temp0.5num120,3,AQAILDNYDVDAHSTRVMDATFALLEEAARTQAS
frag3_temp0.5num019,3,AQDILDNWDVDKHTAAVMDAFFALLESAAATGAS
frag3_temp0.2num012COMBO,3,AQQILDNYDAEKHTAEVMDQTFALLAQAAATKAS
frag3_temp0.2num082COMBO,3,AQQILDNYDVEKHTAEVMDQLFALLAEAAARDAS
frag3_parent_3,3,AQEILDNYDNEKHTAAVMDETFALLARAAATQAS
frag3_temp0.2num056,3,AQAILDNYDAEAHTAKVMDETFALLARAAATGAS
frag3_temp0.2num123,3,AQEILDNYDVDKHTAEVMDQTFALLEEAARRGAS
frag3_temp0.5num015COMBO,3,AQDILDNYDVDQHTAEVMDAAFALLAEAAATGAS
frag3_temp0.2num060COMBO,3,AQEILDNYDVDKHTAEVMDQTFALLAEAARRNAS
frag3_temp0.2num044COMBO,3,AQQILDNYDVEKHTAAVMDQTFALLERAAATNAS
frag3_temp0.2num030COMBO,3,AQAILDNYDVDKHTAAVMDATFALLGEAARTGAS
frag3_temp0.2num025,3,AQEILDNYDPDAHTAAVMDATFALLARAAATGAS
frag3_temp0.2num100,3,AQAILDNYDVDAHTARVMDATFALLARAAETGAS
frag3_temp0.2num064,3,AQEILDNYDVDEHTAAVMDQTFALLAEAARTNAS
frag3_temp0.2num097COMBO,3,AQEILDNYDVDKHTAEVMDQTFALLAAAAATKAS
frag3_temp0.2num059,3,AQEILDNYDVEAHTARVMDQFFALLAEAARTGAS
frag4_temp0.5num021,4,YEQVMAAAPSGSVILALEVIKVLLEMADLTWDEVLPLLAEAARS
frag4_temp0.5num079COMBO,4,YEEMLAAAPSGSVIIAMEVVKVMLDLANLSWEDVLPLLAQAADA
frag4_temp0.5num005,4,YEEMIAAAPSGSVIVALEVLKVLLDQSHLSWADVLPLLAEAAEA
frag4_temp0.5num071,4,YEQMLAAAPSGSVILALEVIRVLLEMNELTWEEVLPLLAGAAES
frag4_temp0.2num013COMBO,4,YEEMVAAAPSGSVILFLEVLEVLLEINNLSWADVMPLLARAAES
frag4_parent_4,4,YEELLAAAPSGSVILALEVLRVLLEINNLSWREVLPLLALAAAS
frag4_temp0.2num042COMBO,4,YEQMVAAAPSGSVIIALEVLRVMLEMANLSWEDVLPLLAAAAEA
frag4_temp0.5num121,4,YEEMMAAAPSGSVILALEVLKVLLEINNLTWEDVLPLLARAAQT
frag4_temp0.5num030,4,YEEMVAAAPSGSVILALEVLRVMLELSDLSWEEVLPLLAQAAES
frag4_temp0.2num022COMBO,4,YEQMVAAAPSGSVILALEVLRVMLELANLSWKDVLPLLAQAAAS
frag4_temp0.2num033COMBO,4,YEEMLAAAPSGSVIIALEVLQVLLEMNNLSWDDVLPLLARAAAS
frag4_temp0.2num071COMBO,4,YEEIMAAAPSGSVILALEVLRVMLEMAELSWEDVLPLLAEAARS
frag4_temp0.2num070COMBO,4,YEEMVAAAPSGSVILALEVLRVMLEQAELSWEDVLPLLATAAKS
frag4_temp0.2num090COMBO,4,YEEMMAAAPSGSVILALEVLEVLLEMANLSWDDVLPLLAKAADA
frag4_temp0.2num102COMBO,4,YEEMMAAAPSGSVIIALEVLQVLLELADLSWEDVLPLLAEAAAA
frag4_temp0.2num048,4,YEEMLAAAPSGSVILALEVLRVLLEQADLSWADVLPLLAAAAAA
frag4_temp0.2num026COMBO,4,YEEMLAAAPSGSVILALEVLRVLLEQANLSWADALPLLAEAAAS
frag4_temp0.2num049,4,YEEMMAAAPSGSVILALEVLRVLLELNNLKWEDVLPLLAQAAAA
frag4_temp0.2num072,4,YEEMVAAAPSGSVILALEVLKVMLEMNNLSWEEVLPLLAEAARS
frag4_temp0.2num123COMBO,4,YEEMRAAAPSGSVILALEVLEVLLEMASLSWEDVLPLLATAADS
frag4_temp0.2num016COMBO,4,YEEMVAAAPSGSVIIALEVLRVLLEMADLSWDDVLPLLAQAARS
frag4_temp0.2num053COMBO,4,YEEMVAAAPSGSVIIALEVLEVLLELANLSWEDVLPLLAEAAAA
frag4_temp0.2num053,4,YEEMRAAAPSGSVILALEVLEVLLELADLSWADVLPLLAEAARS
frag4_temp0.2num112,4,YEEMLAAAPSGSVILALEVLRVLLELADLSWDDVLPLLAEAARA
frag4_temp0.2num058,4,YEEMMAAAPSGSVILALEVLRVLLEQNSLSWEDVLPLLAQAAQS
